﻿id,fea_seze,fea_gendi,fea_qiaosheng,fea_wenli,fea_qibu,fea_chugan,fea_midu,fea_hantangdu,lable_haogua
1,qinglv,quansuo,zhuoxiang,qingxi,aoxian,NONE,0.697,0.46,YES
2,wuhei,quansuo,chenmen,qingxi,aoxian,yinghua,0.774,0.376,YES
3,wuhei,quansuo,zhuoxiang,qingxi,aoxian,yinghua,0.634,0.264,YES
4,qinglv,quansuo,chenmen,qingxi,aoxian,yinghua,0.608,NONE,YES
5,qianbai,quansuo,zhuoxiang,qingxi,,yinghua,0.556,0.215,YES
6,qinglv,shaoquan,zhuoxiang,qingxi,shaoao,ruannian,0.403,0.237,YES
7,wuhei,shaoquan,zhuoxiang,shaohu,shaoao,ruannian,0.481,0.149,YES
8,wuhei,shaoquan,zhuoxiang,qingxi,shaoao,yinghua,0.437,0.211,YES
9,wuhei,shaoquan,chenmen,shaohu,shaoao,yinghua,0.666,0.091,NO
10,qinglv,yingting,qingcui,qingxi,pingtan,ruannian,0.243,0.267,NO
11,qianbai,yingting,qingcui,mohu,pingtan,yinghua,0.245,0.057,NO
12,qianbai,quansuo,zhuoxiang,mohu,pingtan,ruannian,0.343,0.099,NO
13,qinglv,shaoquan,zhuoxiang,shaohu,aoxian,yinghua,0.639,0.161,NO
14,qianbai,shaoquan,chenmen,shaohu,aoxian,yinghua,0.657,0.198,NO
15,wuhei,shaoquan,zhuoxiang,qingxi,shaoao,ruannian,0.36,0.37,NO
16,qianbai,quansuo,zhuoxiang,mohu,pingtan,yinghua,0.593,0.042,NO
17,qinglv,quansuo,chenmen,shaohu,shaoao,yinghua,0.719,0.103,NO